gen,best_mse_domain,best_mse_boundary,best_total_mse
0,0,0,1.44331
1,0,0,0.0190534
2,0,0,0.0190534
3,0,0,0.0190534
4,0,0,0.0190534
