method,pde,dim,mse_domain,mse_boundary,tree_size,rank
PI-NSGA-II,Airy,1,1.4433109000,0.0721655450,1,1
PI-NSGA-II,Airy,1,1.4433109000,0.0721655450,1,1
PI-NSGA-II,Airy,1,1.4433109000,0.0721655450,1,1
PI-NSGA-II,Airy,1,1.4433109000,0.0721655450,1,1
PI-NSGA-II,Airy,1,1.4433109000,0.0721655450,1,1
PI-NSGA-II,Airy,1,1.4433109000,0.0721655450,1,1
