gen,best_mse_domain,best_mse_boundary,best_total_mse
0,0,0,0.796997
1,0,0,0.0371686
2,0,0,0.0371686
3,0,0,0.0371686
4,0,0,0.0371686
