gen,best_mse_domain,best_mse_boundary,best_total_mse
0,0,0,0.000294743
1,0,0,9.4035e-05
2,0,0,9.4035e-05
3,0,0,9.01707e-05
4,0,0,9.01707e-05
