gen,best_mse_domain,best_mse_boundary,best_total_mse
0,0,0,0.00100993
1,0,0,0.00100993
2,0,0,0.00100993
3,0,0,0.00100993
4,0,0,0.00100993
