gen,best_mse_domain,best_mse_boundary,best_total_mse
0,0,0,4.84612
1,0,0,0.166909
2,0,0,0.166909
3,0,0,0.166909
4,0,0,0.166909
