method,pde,dim,mse_domain,mse_boundary,tree_size,rank
PI-NSGA-II,Duffing,1,12.5000000000,0.6250000000,1,1
PI-NSGA-II,Duffing,1,12.5000000000,0.6250000000,1,1
PI-NSGA-II,Duffing,1,12.5000000000,0.6250000000,1,1
PI-NSGA-II,Duffing,1,12.5000000000,0.6250000000,1,1
PI-NSGA-II,Duffing,1,12.5000000000,0.6250000000,1,1
PI-NSGA-II,Duffing,1,12.5000000000,0.6250000000,1,1
