gen,best_mse_domain,best_mse_boundary,best_total_mse
0,0,0,1.70651
1,0,0,0.0494642
2,0,0,0.0494642
3,0,0,0.0494642
4,0,0,0.0494642
