gen,best_mse_domain,best_mse_boundary,best_total_mse
0,0,0,0.191444
1,0,0,0.00216446
2,0,0,0.00212461
3,0,0,0.00212461
4,0,0,0.00212461
