gen,best_mse_domain,best_mse_boundary,best_total_mse
0,0,0,6.45602e-05
1,0,0,4.45971e-05
2,0,0,4.45971e-05
3,0,0,4.45971e-05
4,0,0,4.45971e-05
