gen,best_mse_domain,best_mse_boundary,best_total_mse
0,0,0,0.930638
1,0,0,0.0182464
2,0,0,0.0182464
3,0,0,0.0182464
4,0,0,0.0182464
