gen,best_mse_domain,best_mse_boundary,best_total_mse
0,0,0,1.44574
1,0,0,0.919583
2,0,0,0.919583
3,0,0,0.919583
4,0,0,0.919583
