method,pde,dim,mse_domain,mse_boundary,tree_size,rank
PI-NSGA-II,Liouville,2,7.0762558987,0.3187993346,1,1
PI-NSGA-II,Liouville,2,1.3906411750,0.0058564949,7,1
PI-NSGA-II,Liouville,2,7.0762558987,0.3187993346,1,1
PI-NSGA-II,Liouville,2,7.0762558987,0.3187993346,1,1
PI-NSGA-II,Liouville,2,7.0762558987,0.3187993346,1,1
PI-NSGA-II,Liouville,2,7.0762558987,0.3187993346,1,1
PI-NSGA-II,Liouville,2,1.3968907053,0.0045052332,7,1
PI-NSGA-II,Liouville,2,7.0762558987,0.3187993346,1,1
PI-NSGA-II,Liouville,2,7.0762558987,0.3187993346,1,1
