gen,best_mse_domain,best_mse_boundary,best_total_mse
0,0,0,0.000173037
1,0,0,7.96513e-06
2,0,0,7.96513e-06
3,0,0,7.96513e-06
4,0,0,7.96513e-06
