gen,best_mse_domain,best_mse_boundary,best_total_mse
0,0,0,0.0875395
1,0,0,0.00342689
2,0,0,0.00342689
3,0,0,0.00342689
4,0,0,0.00342689
