gen,best_mse_domain,best_mse_boundary,best_total_mse
0,0,0,0.0737931
1,0,0,0.0488675
2,0,0,0.0488675
3,0,0,0.0392489
4,0,0,0.0392489
