gen,best_mse_domain,best_mse_boundary,best_total_mse
0,0,0,0.00174361
1,0,0,0.00174361
2,0,0,0.00108785
3,0,0,0.00108785
4,0,0,0.00108785
