method,pde,dim,mse_domain,mse_boundary,tree_size,rank
PI-NSGA-II,ThomasFermi,1,0.2287690478,0.0022214625,5,1
PI-NSGA-II,ThomasFermi,1,0.2287690478,0.0022214625,5,1
PI-NSGA-II,ThomasFermi,1,0.2287690478,0.0022214625,5,1
PI-NSGA-II,ThomasFermi,1,3.6183296496,0.1778453854,3,1
PI-NSGA-II,ThomasFermi,1,10.4000000000,0.5200000000,1,1
PI-NSGA-II,ThomasFermi,1,3.6183296496,0.1778453854,3,1
PI-NSGA-II,ThomasFermi,1,3.6183296496,0.1778453854,3,1
