gen,best_mse_domain,best_mse_boundary,best_total_mse
0,0,0,0.228769
1,0,0,0.0747
2,0,0,0.0747
3,0,0,0.0600715
4,0,0,0.0600715
