gen,best_mse_domain,best_mse_boundary,best_total_mse
0,0,0,0.055951
1,0,0,0.0338055
2,0,0,0.0338055
3,0,0,0.0338055
4,0,0,0.0338055
