method,pde,dim,mse_domain,mse_boundary,tree_size,rank
PI-NSGA-II,Navier-Stokes,2,0.0001538502,0.0000076925,1,1
PI-NSGA-II,Navier-Stokes,2,0.0001538502,0.0000076925,1,1
PI-NSGA-II,Navier-Stokes,2,0.0001538502,0.0000076925,1,1
PI-NSGA-II,Navier-Stokes,2,0.0001538502,0.0000076925,1,1
PI-NSGA-II,Navier-Stokes,2,0.0001538502,0.0000076925,1,1
PI-NSGA-II,Navier-Stokes,2,0.0001538502,0.0000076925,1,1
PI-NSGA-II,Navier-Stokes,2,0.0001538502,0.0000076925,1,1
PI-NSGA-II,Navier-Stokes,2,0.0001538502,0.0000076925,1,1
PI-NSGA-II,Navier-Stokes,2,0.0001538502,0.0000076925,1,1
PI-NSGA-II,Navier-Stokes,2,0.0001538502,0.0000076925,1,1
PI-NSGA-II,Navier-Stokes,2,0.0001538502,0.0000076925,1,1
PI-NSGA-II,Navier-Stokes,2,0.0001538502,0.0000076925,1,1
PI-NSGA-II,Navier-Stokes,2,0.0001538502,0.0000076925,1,1
PI-NSGA-II,Navier-Stokes,2,0.0001538502,0.0000076925,1,1
PI-NSGA-II,Navier-Stokes,2,0.0000000063,0.0000000000,13,1
PI-NSGA-II,Navier-Stokes,2,0.1019538937,0.0000000000,17,1
PI-NSGA-II,Navier-Stokes,2,0.0000000063,0.0000000000,13,1
PI-NSGA-II,Navier-Stokes,2,0.0001538502,0.0000076925,1,1
PI-NSGA-II,Navier-Stokes,2,0.0001538502,0.0000076925,1,1
PI-NSGA-II,Navier-Stokes,2,0.0001538502,0.0000076925,1,1
PI-NSGA-II,Navier-Stokes,2,0.0001538502,0.0000076925,1,1
PI-NSGA-II,Navier-Stokes,2,0.0000000063,0.0000000000,13,1
PI-NSGA-II,Navier-Stokes,2,0.0000000063,0.0000000000,13,1
PI-NSGA-II,Navier-Stokes,2,0.0001538502,0.0000076925,1,1
PI-NSGA-II,Navier-Stokes,2,0.0002512143,0.0000068640,21,1
PI-NSGA-II,Navier-Stokes,2,0.0001538502,0.0000076925,1,1
PI-NSGA-II,Navier-Stokes,2,0.0001538502,0.0000076925,1,1
PI-NSGA-II,Navier-Stokes,2,0.0001538502,0.0000076925,1,1
PI-NSGA-II,Navier-Stokes,2,0.0001538502,0.0000076925,1,1
